{"Index": "TWII", "Date": "1998-11-13", "Open": 6785.02002, "High": 6870.569824, "Low": 6776.379883, "Close": 6829.620117, "Adj Close": 6829.594238, "Volume": 0.0, "CloseUSD": 273.18480468}